"id","Chromosome","Base"
"S1_56764","1","56764"
"S1_59250","1","59250"
"S1_60976","1","60976"
"S1_319516","1","319516"
"S1_397135","1","397135"
"S1_734560","1","734560"
"S1_898949","1","898949"
"S1_984478","1","984478"
"S1_1004313","1","1004313"
"S1_1105411","1","1105411"
"S1_1130602","1","1130602"
"S1_1327456","1","1327456"
"S1_1402842","1","1402842"
"S1_1482761","1","1482761"
"S1_1532597","1","1532597"
"S1_1713053","1","1713053"
"S1_1713116","1","1713116"
"S1_1769185","1","1769185"
"S1_1883698","1","1883698"
"S1_1904444","1","1904444"
"S1_1924746","1","1924746"
"S1_2128785","1","2128785"
"S1_2200331","1","2200331"
"S1_2315807","1","2315807"
"S1_2478224","1","2478224"
"S1_2525518","1","2525518"
"S1_2601419","1","2601419"
"S1_3054970","1","3054970"
"S1_3090020","1","3090020"
"S1_3281742","1","3281742"
"S1_3450097","1","3450097"
"S1_3604028","1","3604028"
"S1_3670816","1","3670816"
"S1_3671264","1","3671264"
"S1_3674595","1","3674595"
"S1_4203850","1","4203850"
"S1_4354034","1","4354034"
"S1_4361292","1","4361292"
"S1_5255067","1","5255067"
"S1_5333955","1","5333955"
"S1_5686007","1","5686007"
"S1_5715709","1","5715709"
"S1_5805002","1","5805002"
"S1_5912756","1","5912756"
"S1_6166327","1","6166327"
"S1_6237774","1","6237774"
"S1_6528037","1","6528037"
"S1_6712560","1","6712560"
"S1_6723037","1","6723037"
"S1_6777655","1","6777655"
"S1_7184697","1","7184697"
"S1_7581125","1","7581125"
"S1_7656613","1","7656613"
"S1_8192961","1","8192961"
"S1_8257555","1","8257555"
"S1_8490085","1","8490085"
"S1_8514893","1","8514893"
"S1_8565051","1","8565051"
"S1_8954833","1","8954833"
"S1_9045463","1","9045463"
"S1_9533519","1","9533519"
"S1_10192209","1","10192209"
"S1_10501853","1","10501853"
"S1_11870349","1","11870349"
"S1_14227756","1","14227756"
"S1_16865408","1","16865408"
"S1_21974354","1","21974354"
"S1_22393765","1","22393765"
"S1_23078581","1","23078581"
"S1_23127585","1","23127585"
"S1_23830648","1","23830648"
"S1_24221931","1","24221931"
"S1_24740338","1","24740338"
"S1_25085122","1","25085122"
"S1_25296952","1","25296952"
"S1_26046133","1","26046133"
"S1_26047637","1","26047637"
"S1_26170742","1","26170742"
"S1_26546429","1","26546429"
"S1_26656992","1","26656992"
"S1_26728574","1","26728574"
"S1_27129510","1","27129510"
"S1_27271079","1","27271079"
"S1_27319273","1","27319273"
"S1_27891923","1","27891923"
"S1_28247009","1","28247009"
"S1_28344884","1","28344884"
"S1_28740292","1","28740292"
"S1_28949440","1","28949440"
"S1_29168096","1","29168096"
"S1_29189141","1","29189141"
"S1_29958325","1","29958325"
"S1_30734502","1","30734502"
"S1_31298551","1","31298551"
"S1_31606396","1","31606396"
"S1_31715906","1","31715906"
"S1_32175404","1","32175404"
"S1_32640451","1","32640451"
"S1_33006817","1","33006817"
"S1_33182104","1","33182104"
"S1_33266688","1","33266688"
"S1_33342505","1","33342505"
"S1_33990843","1","33990843"
"S1_34289940","1","34289940"
"S1_34340174","1","34340174"
"S1_34408587","1","34408587"
"S1_34614351","1","34614351"
"S1_34847089","1","34847089"
"S1_34970482","1","34970482"
"S1_35051504","1","35051504"
"S1_35287681","1","35287681"
"S1_35288478","1","35288478"
"S1_35440137","1","35440137"
"S1_35550097","1","35550097"
"S1_35603719","1","35603719"
"S1_35681176","1","35681176"
"S1_35931257","1","35931257"
"S1_36166226","1","36166226"
"S1_36365138","1","36365138"
"S1_36437374","1","36437374"
"S1_36463156","1","36463156"
"S1_36476386","1","36476386"
"S1_36520779","1","36520779"
"S1_36617026","1","36617026"
"S1_36655254","1","36655254"
"S1_36699420","1","36699420"
"S1_36889798","1","36889798"
"S1_37088941","1","37088941"
"S1_37364207","1","37364207"
"S1_37516006","1","37516006"
"S1_37631238","1","37631238"
"S1_37676509","1","37676509"
"S1_38030120","1","38030120"
"S1_38150675","1","38150675"
"S1_38153193","1","38153193"
"S1_38207573","1","38207573"
"S1_38234987","1","38234987"
"S1_38250415","1","38250415"
"S1_38288357","1","38288357"
"S1_38510534","1","38510534"
"S1_38641778","1","38641778"
"S1_38734262","1","38734262"
"S1_38798777","1","38798777"
"S1_38851091","1","38851091"
"S1_38866853","1","38866853"
"S1_39016951","1","39016951"
"S1_39056092","1","39056092"
"S1_39146091","1","39146091"
"S1_39159141","1","39159141"
"S1_39171158","1","39171158"
"S1_39295913","1","39295913"
"S1_39413837","1","39413837"
"S1_39542200","1","39542200"
"S1_39652681","1","39652681"
"S1_39679833","1","39679833"
"S1_39715637","1","39715637"
"S1_39978880","1","39978880"
"S1_40007907","1","40007907"
"S1_40147191","1","40147191"
"S1_40198008","1","40198008"
"S1_40274919","1","40274919"
"S1_40302805","1","40302805"
"S1_40376754","1","40376754"
"S1_40424811","1","40424811"
"S1_40611834","1","40611834"
"S1_40670649","1","40670649"
"S1_40716341","1","40716341"
"S1_40775893","1","40775893"
"S1_40801969","1","40801969"
"S1_40856514","1","40856514"
"S1_41038307","1","41038307"
"S1_41169562","1","41169562"
"S2_169785","2","169785"
"S2_511029","2","511029"
"S2_530233","2","530233"
"S2_697842","2","697842"
"S2_776895","2","776895"
"S2_900784","2","900784"
"S2_1113885","2","1113885"
"S2_1257372","2","1257372"
"S2_1368736","2","1368736"
"S2_1456283","2","1456283"
"S2_1485700","2","1485700"
"S2_1558172","2","1558172"
"S2_1942938","2","1942938"
"S2_2043133","2","2043133"
"S2_2158359","2","2158359"
"S2_2206787","2","2206787"
"S2_2387967","2","2387967"
"S2_2504271","2","2504271"
"S2_2777337","2","2777337"
"S2_2817621","2","2817621"
"S2_2822234","2","2822234"
"S2_2980842","2","2980842"
"S2_2994509","2","2994509"
"S2_3041177","2","3041177"
"S2_3081589","2","3081589"
"S2_3150319","2","3150319"
"S2_3294639","2","3294639"
"S2_3411412","2","3411412"
"S2_3481636","2","3481636"
"S2_3532599","2","3532599"
"S2_3774204","2","3774204"
"S2_4123763","2","4123763"
"S2_4217718","2","4217718"
"S2_4467479","2","4467479"
"S2_4564947","2","4564947"
"S2_4579524","2","4579524"
"S2_4610984","2","4610984"
"S2_4941182","2","4941182"
"S2_4993518","2","4993518"
"S2_5135031","2","5135031"
"S2_5184368","2","5184368"
"S2_5211895","2","5211895"
"S2_5237996","2","5237996"
"S2_5274982","2","5274982"
"S2_5278752","2","5278752"
"S2_5358943","2","5358943"
"S2_5410510","2","5410510"
"S2_5467993","2","5467993"
"S2_5475585","2","5475585"
"S2_5519032","2","5519032"
"S2_6267501","2","6267501"
"S2_6619966","2","6619966"
"S2_6876951","2","6876951"
"S2_8284383","2","8284383"
"S2_9319457","2","9319457"
"S2_10670060","2","10670060"
"S2_11182323","2","11182323"
"S2_12735126","2","12735126"
"S2_14861996","2","14861996"
"S2_15185517","2","15185517"
"S2_20051130","2","20051130"
"S2_22570656","2","22570656"
"S2_23181379","2","23181379"
"S2_23953041","2","23953041"
"S2_24900999","2","24900999"
"S2_25816923","2","25816923"
"S2_26339986","2","26339986"
"S2_27104670","2","27104670"
"S2_27211567","2","27211567"
"S2_27222376","2","27222376"
"S2_27349551","2","27349551"
"S2_27635604","2","27635604"
"S2_28125648","2","28125648"
"S2_28852883","2","28852883"
"S2_29692238","2","29692238"
"S2_29970556","2","29970556"
"S2_30828180","2","30828180"
"S2_31175683","2","31175683"
"S2_31235407","2","31235407"
"S2_31533805","2","31533805"
"S2_32346519","2","32346519"
"S2_32348141","2","32348141"
"S2_32356386","2","32356386"
"S2_32700517","2","32700517"
"S2_32717606","2","32717606"
"S2_33448706","2","33448706"
"S2_33713678","2","33713678"
"S2_33996396","2","33996396"
"S2_33998916","2","33998916"
"S2_34165928","2","34165928"
"S2_34314494","2","34314494"
"S2_34544107","2","34544107"
"S2_34581544","2","34581544"
"S2_34898801","2","34898801"
"S2_35063109","2","35063109"
"S2_35182461","2","35182461"
"S2_35294590","2","35294590"
"S2_35301724","2","35301724"
"S2_35454461","2","35454461"
"S2_35455486","2","35455486"
"S2_35532010","2","35532010"
"S2_35588570","2","35588570"
"S2_35637685","2","35637685"
"S2_35681360","2","35681360"
"S2_35682089","2","35682089"
"S2_35742496","2","35742496"
"S2_35975394","2","35975394"
"S2_36167861","2","36167861"
"S2_36442667","2","36442667"
"S2_36623538","2","36623538"
"S2_36728541","2","36728541"
"S2_37024986","2","37024986"
"S2_37368783","2","37368783"
"S2_37761700","2","37761700"
"S2_37820883","2","37820883"
"S2_37965908","2","37965908"
"S2_37987785","2","37987785"
"S2_38016395","2","38016395"
"S2_38163462","2","38163462"
"S2_38257895","2","38257895"
"S2_38311677","2","38311677"
"S2_38523664","2","38523664"
"S2_38795702","2","38795702"
"S2_38885837","2","38885837"
"S2_38889749","2","38889749"
"S2_39137766","2","39137766"
"S2_39217273","2","39217273"
"S2_39494078","2","39494078"
"S2_39494151","2","39494151"
"S2_39646745","2","39646745"
"S2_39733785","2","39733785"
"S2_40114896","2","40114896"
"S2_40196180","2","40196180"
"S2_40293433","2","40293433"
"S2_40388775","2","40388775"
"S2_40506065","2","40506065"
"S2_40621536","2","40621536"
"S2_40832708","2","40832708"
"S2_40984529","2","40984529"
"S2_41009271","2","41009271"
"S2_41036944","2","41036944"
"S2_41096419","2","41096419"
"S2_41190718","2","41190718"
"S2_41257000","2","41257000"
"S2_41369346","2","41369346"
"S2_41447940","2","41447940"
"S2_41547545","2","41547545"
"S2_41581565","2","41581565"
"S2_41724219","2","41724219"
"S2_42024286","2","42024286"
"S2_42025292","2","42025292"
"S2_42113599","2","42113599"
"S2_42487620","2","42487620"
"S2_42765994","2","42765994"
"S2_42812846","2","42812846"
"S2_43092506","2","43092506"
"S2_43100924","2","43100924"
"S2_43374008","2","43374008"
"S2_43481897","2","43481897"
"S2_43563669","2","43563669"
"S2_43829684","2","43829684"
"S2_44073549","2","44073549"
"S2_44209808","2","44209808"
"S2_44257418","2","44257418"
"S2_44316069","2","44316069"
"S2_44376788","2","44376788"
"S2_44425469","2","44425469"
"S2_44446008","2","44446008"
"S2_44455756","2","44455756"
"S2_44477541","2","44477541"
"S2_44586954","2","44586954"
"S2_44687927","2","44687927"
"S2_44752288","2","44752288"
"S2_44752411","2","44752411"
"S2_44769389","2","44769389"
"S2_44784129","2","44784129"
"S2_44908249","2","44908249"
"S2_45043544","2","45043544"
"S2_45156658","2","45156658"
"S2_45205644","2","45205644"
"S2_45322381","2","45322381"
"S2_45383324","2","45383324"
"S2_45441568","2","45441568"
"S2_45457365","2","45457365"
"S2_45482103","2","45482103"
"S2_45521748","2","45521748"
"S2_45664611","2","45664611"
"S2_45980428","2","45980428"
"S2_46014879","2","46014879"
"S2_46205850","2","46205850"
"S2_46329239","2","46329239"
"S2_46330162","2","46330162"
"S2_46462460","2","46462460"
"S2_46500150","2","46500150"
"S2_46510178","2","46510178"
"S2_46536006","2","46536006"
"S2_46701398","2","46701398"
"S2_46820675","2","46820675"
"S2_46901860","2","46901860"
"S2_46919733","2","46919733"
"S2_47052010","2","47052010"
"S2_47085770","2","47085770"
"S2_47096596","2","47096596"
"S2_47158643","2","47158643"
"S2_47160149","2","47160149"
"S2_47239864","2","47239864"
"S2_47291882","2","47291882"
"S2_47321091","2","47321091"
"S2_47373217","2","47373217"
"S2_47388702","2","47388702"
"S2_47519230","2","47519230"
"S2_47612492","2","47612492"
"S2_47747001","2","47747001"
"S2_47766857","2","47766857"
"S2_47811870","2","47811870"
"S3_152240","3","152240"
"S3_207051","3","207051"
"S3_337154","3","337154"
"S3_399756","3","399756"
"S3_434408","3","434408"
"S3_503853","3","503853"
"S3_520962","3","520962"
"S3_631920","3","631920"
"S3_658739","3","658739"
"S3_692727","3","692727"
"S3_803560","3","803560"
"S3_827432","3","827432"
"S3_882154","3","882154"
"S3_1078088","3","1078088"
"S3_1214336","3","1214336"
"S3_1307580","3","1307580"
"S3_1336346","3","1336346"
"S3_1383038","3","1383038"
"S3_1463487","3","1463487"
"S3_1475874","3","1475874"
"S3_1536460","3","1536460"
"S3_1619730","3","1619730"
"S3_1704807","3","1704807"
"S3_1723150","3","1723150"
"S3_1755336","3","1755336"
"S3_1763620","3","1763620"
"S3_1853245","3","1853245"
"S3_1905729","3","1905729"
"S3_1949745","3","1949745"
"S3_2050222","3","2050222"
"S3_2050587","3","2050587"
"S3_2083743","3","2083743"
"S3_2143458","3","2143458"
"S3_2163315","3","2163315"
"S3_2207371","3","2207371"
"S3_2264304","3","2264304"
"S3_2313861","3","2313861"
"S3_2542615","3","2542615"
"S3_2762714","3","2762714"
"S3_2892855","3","2892855"
"S3_3021166","3","3021166"
"S3_3024682","3","3024682"
"S3_3112424","3","3112424"
"S3_3122887","3","3122887"
"S3_3346389","3","3346389"
"S3_3417447","3","3417447"
"S3_3652352","3","3652352"
"S3_3871642","3","3871642"
"S3_3987816","3","3987816"
"S3_4766697","3","4766697"
"S3_4845004","3","4845004"
"S3_5167793","3","5167793"
"S3_5369414","3","5369414"
"S3_5388323","3","5388323"
"S3_6422015","3","6422015"
"S3_7095091","3","7095091"
"S3_7261171","3","7261171"
"S3_7345986","3","7345986"
"S3_7475161","3","7475161"
"S3_7521131","3","7521131"
"S3_7542702","3","7542702"
"S3_7641393","3","7641393"
"S3_7671407","3","7671407"
"S3_8119264","3","8119264"
"S3_8325193","3","8325193"
"S3_8359795","3","8359795"
"S3_8409525","3","8409525"
"S3_8615127","3","8615127"
"S3_9129550","3","9129550"
"S3_9504530","3","9504530"
"S3_10157778","3","10157778"
"S3_10844641","3","10844641"
"S3_10923979","3","10923979"
"S3_11019896","3","11019896"
"S3_11383115","3","11383115"
"S3_11606737","3","11606737"
"S3_11857473","3","11857473"
"S3_11901803","3","11901803"
"S3_12246613","3","12246613"
"S3_12575474","3","12575474"
"S3_12821696","3","12821696"
"S3_12927099","3","12927099"
"S3_13584258","3","13584258"
"S3_14012628","3","14012628"
"S3_14083543","3","14083543"
"S3_14283723","3","14283723"
"S3_14464498","3","14464498"
"S3_14612000","3","14612000"
"S3_15496244","3","15496244"
"S3_16016173","3","16016173"
"S3_16155298","3","16155298"
"S3_17274073","3","17274073"
"S3_18206380","3","18206380"
"S3_18243617","3","18243617"
"S3_18761486","3","18761486"
"S3_19093951","3","19093951"
"S3_19489073","3","19489073"
"S3_19578655","3","19578655"
"S3_19671244","3","19671244"
"S3_19671843","3","19671843"
"S3_19988515","3","19988515"
"S3_20023688","3","20023688"
"S3_20423554","3","20423554"
"S3_20684147","3","20684147"
"S3_20821849","3","20821849"
"S3_21475852","3","21475852"
"S3_21730898","3","21730898"
"S3_21747204","3","21747204"
"S3_21857944","3","21857944"
"S3_21916842","3","21916842"
"S3_22915820","3","22915820"
"S3_23051603","3","23051603"
"S3_23229173","3","23229173"
"S3_24146831","3","24146831"
"S3_24429179","3","24429179"
"S3_25524727","3","25524727"
"S3_25968464","3","25968464"
"S3_26560894","3","26560894"
"S3_27161667","3","27161667"
"S3_32317790","3","32317790"
"S3_33852226","3","33852226"
"S3_34268887","3","34268887"
"S3_35233362","3","35233362"
"S3_35265479","3","35265479"
"S3_35362662","3","35362662"
"S3_36155693","3","36155693"
"S3_36303875","3","36303875"
"S3_36599269","3","36599269"
"S3_39149612","3","39149612"
"S3_40485139","3","40485139"
"S3_40647237","3","40647237"
"S3_40652921","3","40652921"
"S3_40758506","3","40758506"
"S3_40865398","3","40865398"
"S3_41592690","3","41592690"
"S3_41619066","3","41619066"
"S3_41860145","3","41860145"
"S3_42012341","3","42012341"
"S3_42073426","3","42073426"
"S3_42118246","3","42118246"
"S3_42129501","3","42129501"
"S3_42256626","3","42256626"
"S3_42361162","3","42361162"
"S3_42361239","3","42361239"
"S3_42396834","3","42396834"
"S3_42796131","3","42796131"
"S3_42797729","3","42797729"
"S3_42821977","3","42821977"
"S3_43158543","3","43158543"
"S3_43182875","3","43182875"
"S3_43513107","3","43513107"
"S3_43660875","3","43660875"
"S3_43854237","3","43854237"
"S3_43925739","3","43925739"
"S3_44088869","3","44088869"
"S3_44312420","3","44312420"
"S3_44415192","3","44415192"
"S3_44515880","3","44515880"
"S3_44521983","3","44521983"
"S3_44851677","3","44851677"
"S3_44915679","3","44915679"
"S3_45003945","3","45003945"
"S3_45433188","3","45433188"
"S3_45511372","3","45511372"
"S3_45570948","3","45570948"
"S3_45764955","3","45764955"
"S3_45772361","3","45772361"
"S3_45867644","3","45867644"
"S3_45906189","3","45906189"
"S3_46042194","3","46042194"
"S3_46099464","3","46099464"
"S3_46168056","3","46168056"
"S3_46267836","3","46267836"
"S3_46267890","3","46267890"
"S3_46422068","3","46422068"
"S3_46622862","3","46622862"
"S3_46653655","3","46653655"
"S3_46730517","3","46730517"
"S3_46747961","3","46747961"
"S3_46910595","3","46910595"
"S3_46948266","3","46948266"
"S3_47088719","3","47088719"
"S3_47226621","3","47226621"
"S3_47263914","3","47263914"
"S3_47304944","3","47304944"
"S3_47360417","3","47360417"
"S3_47374810","3","47374810"
"S3_47402102","3","47402102"
"S3_47535039","3","47535039"
"S3_47550579","3","47550579"
"S3_47948105","3","47948105"
"S3_47953603","3","47953603"
"S3_48124039","3","48124039"
"S3_48300564","3","48300564"
"S3_48336445","3","48336445"
"S3_48446628","3","48446628"
"S3_48496542","3","48496542"
"S3_48571744","3","48571744"
"S3_48869563","3","48869563"
"S3_48969019","3","48969019"
"S3_49133036","3","49133036"
"S3_49240795","3","49240795"
"S3_49634204","3","49634204"
"S3_49647122","3","49647122"
"S3_49667322","3","49667322"
"S3_49674013","3","49674013"
"S4_241610","4","241610"
"S4_375245","4","375245"
"S4_392315","4","392315"
"S4_402210","4","402210"
"S4_422117","4","422117"
"S4_478783","4","478783"
"S4_521063","4","521063"
"S4_536469","4","536469"
"S4_556271","4","556271"
"S4_643470","4","643470"
"S4_739759","4","739759"
"S4_782197","4","782197"
"S4_784789","4","784789"
"S4_836480","4","836480"
"S4_845772","4","845772"
"S4_846193","4","846193"
"S4_1067272","4","1067272"
"S4_1130398","4","1130398"
"S4_1209419","4","1209419"
"S4_1253686","4","1253686"
"S4_1356811","4","1356811"
"S4_1511148","4","1511148"
"S4_1567589","4","1567589"
"S4_1578911","4","1578911"
"S4_1598450","4","1598450"
"S4_1686652","4","1686652"
"S4_1821927","4","1821927"
"S4_1863158","4","1863158"
"S4_1911838","4","1911838"
"S4_1954900","4","1954900"
"S4_1969658","4","1969658"
"S4_1990131","4","1990131"
"S4_2020702","4","2020702"
"S4_2041431","4","2041431"
"S4_2192235","4","2192235"
"S4_2267847","4","2267847"
"S4_2387692","4","2387692"
"S4_2553093","4","2553093"
"S4_2649318","4","2649318"
"S4_2877170","4","2877170"
"S4_2923210","4","2923210"
"S4_3110727","4","3110727"
"S4_3152223","4","3152223"
"S4_3553145","4","3553145"
"S4_3676120","4","3676120"
"S4_4043327","4","4043327"
"S4_4499661","4","4499661"
"S4_4959221","4","4959221"
"S4_5220185","4","5220185"
"S4_5229448","4","5229448"
"S4_5406623","4","5406623"
"S4_5647286","4","5647286"
"S4_5828428","4","5828428"
"S4_6372276","4","6372276"
"S4_6714188","4","6714188"
"S4_6963002","4","6963002"
"S4_7641887","4","7641887"
"S4_7765949","4","7765949"
"S4_7769645","4","7769645"
"S4_7782629","4","7782629"
"S4_8283431","4","8283431"
"S4_8566412","4","8566412"
"S4_8656688","4","8656688"
"S4_8755334","4","8755334"
"S4_9240150","4","9240150"
"S4_9295193","4","9295193"
"S4_10384035","4","10384035"
"S4_10424720","4","10424720"
"S4_10656324","4","10656324"
"S4_10764085","4","10764085"
"S4_11221439","4","11221439"
"S4_11369638","4","11369638"
"S4_13624836","4","13624836"
"S4_16723715","4","16723715"
"S4_18338547","4","18338547"
"S4_18387573","4","18387573"
"S4_18473998","4","18473998"
"S4_19831051","4","19831051"
"S4_20239820","4","20239820"
"S4_20805630","4","20805630"
"S4_20967107","4","20967107"
"S4_21029638","4","21029638"
"S4_21297108","4","21297108"
"S4_24556229","4","24556229"
"S4_25583157","4","25583157"
"S4_26132488","4","26132488"
"S4_27990333","4","27990333"
"S4_28815325","4","28815325"
"S4_28902914","4","28902914"
"S4_29163302","4","29163302"
"S4_29217515","4","29217515"
"S4_29238123","4","29238123"
"S4_29396525","4","29396525"
"S4_30351975","4","30351975"
"S4_30500340","4","30500340"
"S4_30807117","4","30807117"
"S4_31265637","4","31265637"
"S4_31580677","4","31580677"
"S4_31692092","4","31692092"
"S4_31798268","4","31798268"
"S4_32232256","4","32232256"
"S4_32253678","4","32253678"
"S4_32416020","4","32416020"
"S4_32526921","4","32526921"
"S4_32778960","4","32778960"
"S4_32785221","4","32785221"
"S4_33028768","4","33028768"
"S4_33044667","4","33044667"
"S4_33072163","4","33072163"
"S4_33356851","4","33356851"
"S4_33583998","4","33583998"
"S4_33744755","4","33744755"
"S4_33921713","4","33921713"
"S4_33965200","4","33965200"
"S4_34083699","4","34083699"
"S4_34538936","4","34538936"
"S4_34978497","4","34978497"
"S4_35166031","4","35166031"
"S4_35707726","4","35707726"
"S4_35926512","4","35926512"
"S4_35964582","4","35964582"
"S4_36187525","4","36187525"
"S4_36190163","4","36190163"
"S4_36268538","4","36268538"
"S4_36311027","4","36311027"
"S4_36400489","4","36400489"
"S4_36676278","4","36676278"
"S4_36694896","4","36694896"
"S4_36731228","4","36731228"
"S4_37130968","4","37130968"
"S4_37229810","4","37229810"
"S4_37295047","4","37295047"
"S4_37358856","4","37358856"
"S4_37610301","4","37610301"
"S4_37634295","4","37634295"
"S4_37643941","4","37643941"
"S4_37718913","4","37718913"
"S4_37848366","4","37848366"
"S4_37997803","4","37997803"
"S4_38594880","4","38594880"
"S4_38778837","4","38778837"
"S4_38915398","4","38915398"
"S4_38961504","4","38961504"
"S4_39004961","4","39004961"
"S4_39084412","4","39084412"
"S4_39260955","4","39260955"
"S4_39389497","4","39389497"
"S5_168712","5","168712"
"S5_760104","5","760104"
"S5_1067770","5","1067770"
"S5_1137276","5","1137276"
"S5_1221447","5","1221447"
"S5_1260152","5","1260152"
"S5_1321659","5","1321659"
"S5_1474718","5","1474718"
"S5_1722371","5","1722371"
"S5_2051731","5","2051731"
"S5_2059585","5","2059585"
"S5_2090758","5","2090758"
"S5_2100056","5","2100056"
"S5_2167634","5","2167634"
"S5_2253051","5","2253051"
"S5_2253084","5","2253084"
"S5_2393000","5","2393000"
"S5_2620621","5","2620621"
"S5_2652571","5","2652571"
"S5_2673310","5","2673310"
"S5_2742013","5","2742013"
"S5_3053699","5","3053699"
"S5_3305368","5","3305368"
"S5_3784105","5","3784105"
"S5_4002971","5","4002971"
"S5_4501200","5","4501200"
"S5_4546534","5","4546534"
"S5_4619750","5","4619750"
"S5_5107998","5","5107998"
"S5_5738550","5","5738550"
"S5_5755832","5","5755832"
"S5_5909140","5","5909140"
"S5_6005791","5","6005791"
"S5_6876512","5","6876512"
"S5_6888607","5","6888607"
"S5_7332670","5","7332670"
"S5_7622386","5","7622386"
"S5_7707124","5","7707124"
"S5_7926022","5","7926022"
"S5_7970566","5","7970566"
"S5_8090873","5","8090873"
"S5_8354317","5","8354317"
"S5_8384157","5","8384157"
"S5_9156504","5","9156504"
"S5_9963417","5","9963417"
"S5_11757928","5","11757928"
"S5_11863225","5","11863225"
"S5_11951257","5","11951257"
"S5_12994286","5","12994286"
"S5_13335669","5","13335669"
"S5_13895460","5","13895460"
"S5_14079399","5","14079399"
"S5_14470677","5","14470677"
"S5_16263932","5","16263932"
"S5_18406278","5","18406278"
"S5_22793232","5","22793232"
"S5_22907561","5","22907561"
"S5_24001535","5","24001535"
"S5_24033692","5","24033692"
"S5_24221466","5","24221466"
"S5_24312990","5","24312990"
"S5_24522055","5","24522055"
"S5_24551850","5","24551850"
"S5_24708723","5","24708723"
"S5_24905269","5","24905269"
"S5_25139375","5","25139375"
"S5_25169567","5","25169567"
"S5_25229840","5","25229840"
"S5_25351129","5","25351129"
"S5_25799907","5","25799907"
"S5_25833523","5","25833523"
"S5_25922403","5","25922403"
"S5_26023822","5","26023822"
"S5_26331382","5","26331382"
"S5_26562596","5","26562596"
"S5_26573386","5","26573386"
"S5_27254308","5","27254308"
"S5_27496297","5","27496297"
"S5_27658746","5","27658746"
"S5_27765548","5","27765548"
"S5_28013023","5","28013023"
"S5_28020201","5","28020201"
"S5_28323105","5","28323105"
"S5_28701251","5","28701251"
"S5_29100318","5","29100318"
"S5_29233073","5","29233073"
"S5_29512649","5","29512649"
"S5_29574617","5","29574617"
"S5_29674083","5","29674083"
"S5_29858792","5","29858792"
"S5_29955515","5","29955515"
"S5_29980005","5","29980005"
"S5_29994074","5","29994074"
"S5_30043124","5","30043124"
"S5_30425775","5","30425775"
"S5_30520483","5","30520483"
"S5_30537643","5","30537643"
"S5_31260652","5","31260652"
"S5_32099133","5","32099133"
"S5_32288564","5","32288564"
"S5_32611224","5","32611224"
"S5_32689421","5","32689421"
"S5_32800961","5","32800961"
"S5_32842706","5","32842706"
"S5_32958541","5","32958541"
"S5_33076702","5","33076702"
"S5_33184214","5","33184214"
"S5_33587455","5","33587455"
"S5_33682130","5","33682130"
"S5_33816614","5","33816614"
"S5_33940032","5","33940032"
"S5_34213576","5","34213576"
"S5_34517974","5","34517974"
"S5_34757068","5","34757068"
"S5_35318061","5","35318061"
"S5_36228372","5","36228372"
"S5_36330301","5","36330301"
"S5_36590876","5","36590876"
"S5_36726739","5","36726739"
"S5_36742284","5","36742284"
"S5_36886697","5","36886697"
"S5_37515682","5","37515682"
"S5_37547988","5","37547988"
"S5_37776258","5","37776258"
"S5_37793477","5","37793477"
"S5_37997803","5","37997803"
"S5_38161186","5","38161186"
"S5_38223058","5","38223058"
"S5_38228097","5","38228097"
"S5_38502687","5","38502687"
"S5_38761953","5","38761953"
"S5_38859599","5","38859599"
"S5_39309008","5","39309008"
"S5_39352800","5","39352800"
"S5_39542621","5","39542621"
"S5_39573522","5","39573522"
"S5_39769571","5","39769571"
"S5_39989445","5","39989445"
"S5_40217512","5","40217512"
"S5_40241123","5","40241123"
"S5_40536310","5","40536310"
"S5_40740292","5","40740292"
"S5_40805889","5","40805889"
"S5_41101118","5","41101118"
"S5_41199655","5","41199655"
"S5_41246256","5","41246256"
"S5_41265928","5","41265928"
"S5_41397054","5","41397054"
"S5_41688423","5","41688423"
"S5_41800456","5","41800456"
"S5_41875724","5","41875724"
"S5_41999990","5","41999990"
"S5_42085155","5","42085155"
"S5_42113193","5","42113193"
"S5_42139210","5","42139210"
"S5_42251884","5","42251884"
"S5_42366438","5","42366438"
"S5_42494172","5","42494172"
"S5_42719546","5","42719546"
"S5_42739726","5","42739726"
"S5_42757204","5","42757204"
"S5_42996052","5","42996052"
"S5_43006111","5","43006111"
"S5_43054075","5","43054075"
"S5_43240044","5","43240044"
"S5_43326465","5","43326465"
"S5_43329831","5","43329831"
"S5_43575577","5","43575577"
"S5_43706919","5","43706919"
"S5_43714208","5","43714208"
"S5_43714262","5","43714262"
"S5_43769059","5","43769059"
"S5_43866387","5","43866387"
"S5_44003086","5","44003086"
"S5_44050206","5","44050206"
"S5_44163859","5","44163859"
"S5_44179618","5","44179618"
"S5_44201295","5","44201295"
"S5_44218595","5","44218595"
"S5_44336611","5","44336611"
"S5_44418942","5","44418942"
"S5_44427019","5","44427019"
"S5_44445575","5","44445575"
"S5_44465165","5","44465165"
"S5_44486702","5","44486702"
"S5_44619799","5","44619799"
"S5_44638947","5","44638947"
"S5_44782606","5","44782606"
"S5_44808138","5","44808138"
"S5_44843979","5","44843979"
"S5_44866981","5","44866981"
"S5_44916665","5","44916665"
"S5_44917721","5","44917721"
"S5_44948956","5","44948956"
"S5_44954567","5","44954567"
"S5_44982105","5","44982105"
"S5_45379612","5","45379612"
"S5_45430841","5","45430841"
"S5_45634708","5","45634708"
"S5_45822116","5","45822116"
"S5_45945721","5","45945721"
"S5_46005455","5","46005455"
"S6_129593","6","129593"
"S6_210086","6","210086"
"S6_234778","6","234778"
"S6_294340","6","294340"
"S6_524874","6","524874"
"S6_625238","6","625238"
"S6_968407","6","968407"
"S6_1178292","6","1178292"
"S6_1233384","6","1233384"
"S6_1292033","6","1292033"
"S6_1367337","6","1367337"
"S6_1449746","6","1449746"
"S6_1449774","6","1449774"
"S6_1495075","6","1495075"
"S6_1513547","6","1513547"
"S6_1682903","6","1682903"
"S6_1735502","6","1735502"
"S6_1782067","6","1782067"
"S6_1887340","6","1887340"
"S6_1957610","6","1957610"
"S6_2119668","6","2119668"
"S6_2365280","6","2365280"
"S6_2516340","6","2516340"
"S6_2774085","6","2774085"
"S6_2808226","6","2808226"
"S6_2971190","6","2971190"
"S6_3108704","6","3108704"
"S6_3262047","6","3262047"
"S6_3378336","6","3378336"
"S6_3490580","6","3490580"
"S6_3492978","6","3492978"
"S6_3552166","6","3552166"
"S6_3701804","6","3701804"
"S6_3758927","6","3758927"
"S6_3916880","6","3916880"
"S6_4132666","6","4132666"
"S6_4213734","6","4213734"
"S6_5854971","6","5854971"
"S6_7525462","6","7525462"
"S6_11110167","6","11110167"
"S6_11975988","6","11975988"
"S6_24210475","6","24210475"
"S6_24448526","6","24448526"
"S6_25117279","6","25117279"
"S6_27690603","6","27690603"
"S6_27737164","6","27737164"
"S6_27920797","6","27920797"
"S6_28180465","6","28180465"
"S6_28941564","6","28941564"
"S6_29065113","6","29065113"
"S6_30703582","6","30703582"
"S6_30877621","6","30877621"
"S6_31006529","6","31006529"
"S6_31142354","6","31142354"
"S6_31345498","6","31345498"
"S6_31575043","6","31575043"
"S6_31738921","6","31738921"
"S6_31753064","6","31753064"
"S6_31888552","6","31888552"
"S6_32121875","6","32121875"
"S6_32353512","6","32353512"
"S6_32411928","6","32411928"
"S6_32699814","6","32699814"
"S6_32712976","6","32712976"
"S6_32770428","6","32770428"
"S6_32936659","6","32936659"
"S6_32974602","6","32974602"
"S6_33052891","6","33052891"
"S6_33134238","6","33134238"
"S6_33383362","6","33383362"
"S6_33624176","6","33624176"
"S6_33787476","6","33787476"
"S6_33858792","6","33858792"
"S6_33880986","6","33880986"
"S6_34082781","6","34082781"
"S6_34135362","6","34135362"
"S6_34393039","6","34393039"
"S6_34456866","6","34456866"
"S6_34483561","6","34483561"
"S6_34629236","6","34629236"
"S6_34726565","6","34726565"
"S6_34951956","6","34951956"
"S6_35005650","6","35005650"
"S6_35030407","6","35030407"
"S6_35081257","6","35081257"
"S6_35137486","6","35137486"
"S6_35139218","6","35139218"
"S6_35267769","6","35267769"
"S7_151566","7","151566"
"S7_599523","7","599523"
"S7_756781","7","756781"
"S7_8533486","7","8533486"
"S7_8788035","7","8788035"
"S7_9370589","7","9370589"
"S7_9428033","7","9428033"
"S7_9691609","7","9691609"
"S7_9808259","7","9808259"
"S7_9829477","7","9829477"
"S7_10888796","7","10888796"
"S7_11830162","7","11830162"
"S7_11958277","7","11958277"
"S7_12396475","7","12396475"
"S7_12509710","7","12509710"
"S7_12576479","7","12576479"
"S7_12649822","7","12649822"
"S7_12724546","7","12724546"
"S7_12773905","7","12773905"
"S7_13172059","7","13172059"
"S7_13297325","7","13297325"
"S7_13395218","7","13395218"
"S7_13557060","7","13557060"
"S7_13722025","7","13722025"
"S7_13950231","7","13950231"
"S7_14558861","7","14558861"
"S7_14559796","7","14559796"
"S7_14596913","7","14596913"
"S7_14686597","7","14686597"
"S7_14759522","7","14759522"
"S7_14776325","7","14776325"
"S7_15316582","7","15316582"
"S7_15560317","7","15560317"
"S7_15649242","7","15649242"
"S7_15803149","7","15803149"
"S7_15872523","7","15872523"
"S7_16149616","7","16149616"
"S7_16359609","7","16359609"
"S7_16414980","7","16414980"
"S7_16511236","7","16511236"
"S7_16810850","7","16810850"
"S7_16897027","7","16897027"
"S7_16969087","7","16969087"
"S7_17158322","7","17158322"
"S7_17165775","7","17165775"
"S7_17274949","7","17274949"
"S7_17322899","7","17322899"
"S7_17407685","7","17407685"
"S7_17697912","7","17697912"
"S7_17849585","7","17849585"
"S7_17924954","7","17924954"
"S7_17944289","7","17944289"
"S7_18096354","7","18096354"
"S7_18218515","7","18218515"
"S7_18223567","7","18223567"
"S7_18235643","7","18235643"
"S7_18249505","7","18249505"
"S7_18287662","7","18287662"
"S7_18346958","7","18346958"
"S7_18357032","7","18357032"
"S7_18468815","7","18468815"
"S7_18503952","7","18503952"
"S7_18647587","7","18647587"
"S7_18745312","7","18745312"
"S7_18819185","7","18819185"
"S7_18868271","7","18868271"
"S7_18878870","7","18878870"
"S7_18926544","7","18926544"
"S7_19011114","7","19011114"
"S7_19017756","7","19017756"
"S7_19036596","7","19036596"
"S7_19142249","7","19142249"
"S7_19153030","7","19153030"
"S7_19236553","7","19236553"
"S7_19338119","7","19338119"
"S7_19446572","7","19446572"
"S7_19532160","7","19532160"
"S7_19580554","7","19580554"
"S7_19644932","7","19644932"
"S7_19714971","7","19714971"
"S7_19806344","7","19806344"
"S7_19876481","7","19876481"
"S7_19976887","7","19976887"
"S7_20027592","7","20027592"
"S7_20047201","7","20047201"
"S7_20152815","7","20152815"
"S7_20226173","7","20226173"
"S7_20261483","7","20261483"
"S7_20312115","7","20312115"
"S7_20428867","7","20428867"
"S7_20568057","7","20568057"
"S7_20770814","7","20770814"
"S7_20791180","7","20791180"
"S7_21205578","7","21205578"
"S7_21382321","7","21382321"
"S7_21479861","7","21479861"
"S7_21663918","7","21663918"
"S7_21796842","7","21796842"
"S7_22058493","7","22058493"
"S7_22295410","7","22295410"
"S7_22646279","7","22646279"
"S7_22850966","7","22850966"
"S7_23514171","7","23514171"
"S7_23977851","7","23977851"
"S7_24249852","7","24249852"
"S7_24466010","7","24466010"
"S7_24916054","7","24916054"
"S7_25155403","7","25155403"
"S7_25239195","7","25239195"
"S7_26820571","7","26820571"
"S7_26861427","7","26861427"
"S7_26934669","7","26934669"
"S7_27477463","7","27477463"
"S7_28125462","7","28125462"
"S7_28255700","7","28255700"
"S7_28519340","7","28519340"
"S7_28679931","7","28679931"
"S7_28698902","7","28698902"
"S7_28851780","7","28851780"
"S7_29124782","7","29124782"
"S7_29231262","7","29231262"
"S7_29290225","7","29290225"
"S7_29563201","7","29563201"
"S7_29619712","7","29619712"
"S7_29829744","7","29829744"
"S7_29832719","7","29832719"
"S7_29869639","7","29869639"
"S7_29923828","7","29923828"
"S7_29963224","7","29963224"
"S7_30010944","7","30010944"
"S7_30114750","7","30114750"
"S7_30250027","7","30250027"
"S7_30348870","7","30348870"
"S7_30348934","7","30348934"
"S7_30414173","7","30414173"
"S7_30436117","7","30436117"
"S7_30590328","7","30590328"
"S7_30592907","7","30592907"
"S7_30776418","7","30776418"
"S7_30920014","7","30920014"
"S7_30982237","7","30982237"
"S7_31038080","7","31038080"
"S7_31178325","7","31178325"
"S7_31429416","7","31429416"
"S7_31494503","7","31494503"
"S7_31582647","7","31582647"
"S7_31652984","7","31652984"
"S7_31709039","7","31709039"
"S7_31711920","7","31711920"
"S7_31814279","7","31814279"
"S7_31834678","7","31834678"
"S7_31888927","7","31888927"
"S7_31898025","7","31898025"
"S7_31956171","7","31956171"
"S7_32133319","7","32133319"
"S7_32940091","7","32940091"
"S7_33411071","7","33411071"
"S7_33438039","7","33438039"
"S7_34006786","7","34006786"
"S7_34348813","7","34348813"
"S7_34410954","7","34410954"
"S7_34497735","7","34497735"
"S7_34497850","7","34497850"
"S7_34504503","7","34504503"
"S7_34660510","7","34660510"
"S7_34672247","7","34672247"
"S7_34769076","7","34769076"
"S7_34778498","7","34778498"
"S7_34802161","7","34802161"
"S8_82978","8","82978"
"S8_166248","8","166248"
"S8_203057","8","203057"
"S8_378917","8","378917"
"S8_411753","8","411753"
"S8_425817","8","425817"
"S8_596198","8","596198"
"S8_1656159","8","1656159"
"S8_1687809","8","1687809"
"S8_1742176","8","1742176"
"S8_1813101","8","1813101"
"S8_2031022","8","2031022"
"S8_2115613","8","2115613"
"S8_2209113","8","2209113"
"S8_2212612","8","2212612"
"S8_2252326","8","2252326"
"S8_2380896","8","2380896"
"S8_2454124","8","2454124"
"S8_2493138","8","2493138"
"S8_2493176","8","2493176"
"S8_2524830","8","2524830"
"S8_2576658","8","2576658"
"S8_2842305","8","2842305"
"S8_2862356","8","2862356"
"S8_2959300","8","2959300"
"S8_3256297","8","3256297"
"S8_3376258","8","3376258"
"S8_3445693","8","3445693"
"S8_3659903","8","3659903"
"S8_3716376","8","3716376"
"S8_3812750","8","3812750"
"S8_3826211","8","3826211"
"S8_4400594","8","4400594"
"S8_4643788","8","4643788"
"S8_4742820","8","4742820"
"S8_5027156","8","5027156"
"S8_5771376","8","5771376"
"S8_5953795","8","5953795"
"S8_5979751","8","5979751"
"S8_6141203","8","6141203"
"S8_6531571","8","6531571"
"S8_6631204","8","6631204"
"S8_6891711","8","6891711"
"S8_6974146","8","6974146"
"S8_7906095","8","7906095"
"S8_7978706","8","7978706"
"S8_8408774","8","8408774"
"S8_9098199","8","9098199"
"S8_9599039","8","9599039"
"S8_10222496","8","10222496"
"S8_10290181","8","10290181"
"S8_10453904","8","10453904"
"S8_12113943","8","12113943"
"S8_12215547","8","12215547"
"S8_12389386","8","12389386"
"S8_12680358","8","12680358"
"S8_12980737","8","12980737"
"S8_15946512","8","15946512"
"S8_21187583","8","21187583"
"S8_22547466","8","22547466"
"S8_24255845","8","24255845"
"S8_24868828","8","24868828"
"S8_25452844","8","25452844"
"S8_25479852","8","25479852"
"S8_25576268","8","25576268"
"S8_25585123","8","25585123"
"S8_25647298","8","25647298"
"S8_25757996","8","25757996"
"S8_26724123","8","26724123"
"S8_27314126","8","27314126"
"S8_27544291","8","27544291"
"S8_27664835","8","27664835"
"S8_28595033","8","28595033"
"S8_28645110","8","28645110"
"S8_29084327","8","29084327"
"S8_29138914","8","29138914"
"S8_29319425","8","29319425"
"S8_29470176","8","29470176"
"S8_29496582","8","29496582"
"S8_29531374","8","29531374"
"S8_29785854","8","29785854"
"S8_30523062","8","30523062"
"S8_30811998","8","30811998"
"S8_30877905","8","30877905"
"S8_30948982","8","30948982"
"S8_30949043","8","30949043"
"S8_31151987","8","31151987"
"S8_31235166","8","31235166"
"S8_31419582","8","31419582"
"S8_31578722","8","31578722"
"S8_31603227","8","31603227"
"S8_31662547","8","31662547"
"S8_32279038","8","32279038"
"S8_32379080","8","32379080"
"S8_32474303","8","32474303"
"S8_32529322","8","32529322"
"S8_32747316","8","32747316"
"S8_33035148","8","33035148"
"S8_33277824","8","33277824"
"S8_33329281","8","33329281"
"S8_33658720","8","33658720"
"S8_34081312","8","34081312"
"S8_34402341","8","34402341"
"S8_34451704","8","34451704"
"S8_34680061","8","34680061"
"S8_35052832","8","35052832"
"S8_35117383","8","35117383"
"S8_35170351","8","35170351"
"S8_35299587","8","35299587"
"S8_35370373","8","35370373"
"S8_35526571","8","35526571"
"S8_36222499","8","36222499"
"S8_36321408","8","36321408"
"S8_36393501","8","36393501"
"S8_36451096","8","36451096"
"S8_36543737","8","36543737"
"S8_36611957","8","36611957"
"S8_36659991","8","36659991"
"S8_36767126","8","36767126"
"S8_36786386","8","36786386"
"S8_36968665","8","36968665"
"S8_37023982","8","37023982"
"S8_37024079","8","37024079"
"S8_37161205","8","37161205"
"S8_37162228","8","37162228"
"S8_37163282","8","37163282"
"S8_37186191","8","37186191"
"S8_37557619","8","37557619"
"S8_37585178","8","37585178"
"S8_37773678","8","37773678"
"S8_38079501","8","38079501"
"S8_38116250","8","38116250"
"S8_38514033","8","38514033"
"S8_39703607","8","39703607"
"S8_39870177","8","39870177"
"S9_90984","9","90984"
"S9_275711","9","275711"
"S9_325416","9","325416"
"S9_364265","9","364265"
"S9_469107","9","469107"
"S9_616840","9","616840"
"S9_632083","9","632083"
"S9_737771","9","737771"
"S9_790939","9","790939"
"S9_823427","9","823427"
"S9_952544","9","952544"
"S9_999361","9","999361"
"S9_1198094","9","1198094"
"S9_1353482","9","1353482"
"S9_1683886","9","1683886"
"S9_1875625","9","1875625"
"S9_2049093","9","2049093"
"S9_2174659","9","2174659"
"S9_2316603","9","2316603"
"S9_2705209","9","2705209"
"S9_2789821","9","2789821"
"S9_2825018","9","2825018"
"S9_2970143","9","2970143"
"S9_3052027","9","3052027"
"S9_3241026","9","3241026"
"S9_3339020","9","3339020"
"S9_3481902","9","3481902"
"S9_3523432","9","3523432"
"S9_3548655","9","3548655"
"S9_3701245","9","3701245"
"S9_4005852","9","4005852"
"S9_4412130","9","4412130"
"S9_4505809","9","4505809"
"S9_4775142","9","4775142"
"S9_5041932","9","5041932"
"S9_5497941","9","5497941"
"S9_5633611","9","5633611"
"S9_5686516","9","5686516"
"S9_6184858","9","6184858"
"S9_6295446","9","6295446"
"S9_6368482","9","6368482"
"S9_6487121","9","6487121"
"S9_6501061","9","6501061"
"S9_6724364","9","6724364"
"S9_6930910","9","6930910"
"S9_7142713","9","7142713"
"S9_7149227","9","7149227"
"S9_7218054","9","7218054"
"S9_7478538","9","7478538"
"S9_7783026","9","7783026"
"S9_7908609","9","7908609"
"S9_8182398","9","8182398"
"S9_8279734","9","8279734"
"S9_8378425","9","8378425"
"S9_8421792","9","8421792"
"S9_8458511","9","8458511"
"S9_8533228","9","8533228"
"S9_8558860","9","8558860"
"S9_8575991","9","8575991"
"S9_8635175","9","8635175"
"S9_8796676","9","8796676"
"S9_9022705","9","9022705"
"S9_9448732","9","9448732"
"S9_10073675","9","10073675"
"S9_10142161","9","10142161"
"S9_10231406","9","10231406"
"S9_10484578","9","10484578"
"S9_10589367","9","10589367"
"S9_10819709","9","10819709"
"S9_10858918","9","10858918"
"S9_10969442","9","10969442"
"S9_11228379","9","11228379"
"S9_11364003","9","11364003"
"S9_11393861","9","11393861"
"S9_11400310","9","11400310"
"S9_11480689","9","11480689"
"S9_11507269","9","11507269"
"S9_11540493","9","11540493"
"S9_11604590","9","11604590"
"S9_11665144","9","11665144"
"S9_11672511","9","11672511"
"S9_11778646","9","11778646"
"S9_11996748","9","11996748"
"S9_12066090","9","12066090"
"S9_12283404","9","12283404"
"S9_12476852","9","12476852"
"S9_12547937","9","12547937"
"S9_12548445","9","12548445"
"S9_12617061","9","12617061"
"S9_12846296","9","12846296"
"S9_12887164","9","12887164"
"S9_13026067","9","13026067"
"S9_13387210","9","13387210"
"S9_13868930","9","13868930"
"S9_13900821","9","13900821"
"S9_14132675","9","14132675"
"S9_14239854","9","14239854"
"S9_14395003","9","14395003"
"S9_14574281","9","14574281"
"S9_14830619","9","14830619"
"S9_15254268","9","15254268"
"S9_15521087","9","15521087"
"S9_15545977","9","15545977"
"S9_16114070","9","16114070"
"S9_16210733","9","16210733"
"S9_16219574","9","16219574"
"S9_16294065","9","16294065"
"S9_16558874","9","16558874"
"S9_16570029","9","16570029"
"S9_16641154","9","16641154"
"S9_16703912","9","16703912"
"S9_16771044","9","16771044"
"S9_17041965","9","17041965"
"S9_17485455","9","17485455"
"S9_17690224","9","17690224"
"S9_17968439","9","17968439"
"S9_18332797","9","18332797"
"S9_18539859","9","18539859"
"S9_18817707","9","18817707"
"S9_18817720","9","18817720"
"S9_18831165","9","18831165"
"S9_18881560","9","18881560"
"S9_18957235","9","18957235"
"S9_19355263","9","19355263"
"S9_19961058","9","19961058"
"S9_20555644","9","20555644"
"S9_21065283","9","21065283"
"S9_21682047","9","21682047"
"S9_21683516","9","21683516"
"S9_21781799","9","21781799"
"S9_21969207","9","21969207"
"S9_23490919","9","23490919"
"S9_24305253","9","24305253"
"S9_30674737","9","30674737"
"S9_31667242","9","31667242"
"S9_32642555","9","32642555"
"S9_32861315","9","32861315"
"S9_33290268","9","33290268"
"S9_33786944","9","33786944"
"S9_33901064","9","33901064"
"S9_33906531","9","33906531"
"S9_34083981","9","34083981"
"S9_34226926","9","34226926"
"S9_34338749","9","34338749"
"S9_34504810","9","34504810"
"S9_34567531","9","34567531"
"S9_35259190","9","35259190"
"S9_35300565","9","35300565"
"S9_35345182","9","35345182"
"S9_36678006","9","36678006"
"S9_37753588","9","37753588"
"S9_37787501","9","37787501"
"S9_38586791","9","38586791"
"S9_38671142","9","38671142"
"S9_38988657","9","38988657"
"S9_39051416","9","39051416"
"S9_39064300","9","39064300"
"S9_39112978","9","39112978"
"S9_39516195","9","39516195"
"S9_39688864","9","39688864"
"S9_40006998","9","40006998"
"S9_40022465","9","40022465"
"S9_40438504","9","40438504"
"S9_40669747","9","40669747"
"S9_40937734","9","40937734"
"S9_41178277","9","41178277"
"S9_41287259","9","41287259"
"S9_41298293","9","41298293"
"S9_41339994","9","41339994"
"S9_41686866","9","41686866"
"S9_41860152","9","41860152"
"S9_41943766","9","41943766"
"S9_42035887","9","42035887"
"S9_42059221","9","42059221"
"S9_42122344","9","42122344"
"S9_42221633","9","42221633"
"S9_42430503","9","42430503"
"S9_42612418","9","42612418"
"S9_42709759","9","42709759"
"S9_42748021","9","42748021"
"S9_42827948","9","42827948"
"S9_42828068","9","42828068"
"S9_43087305","9","43087305"
"S9_43260789","9","43260789"
"S9_43599764","9","43599764"
"S9_43962990","9","43962990"
"S9_44029865","9","44029865"
"S9_44102245","9","44102245"
"S9_44263216","9","44263216"
"S9_44375724","9","44375724"
"S9_44516326","9","44516326"
"S9_44567374","9","44567374"
"S9_44619570","9","44619570"
"S9_44685053","9","44685053"
"S9_44824838","9","44824838"
"S9_45111643","9","45111643"
"S9_45322472","9","45322472"
"S9_45818871","9","45818871"
"S9_45818943","9","45818943"
"S9_45932388","9","45932388"
"S9_45959479","9","45959479"
"S9_45986297","9","45986297"
"S9_46250912","9","46250912"
"S9_46501439","9","46501439"
"S9_46528686","9","46528686"
"S9_46776010","9","46776010"
"S9_46869047","9","46869047"
"S9_46916335","9","46916335"
"S9_47239379","9","47239379"
"S9_47431030","9","47431030"
"S9_47533424","9","47533424"
"S9_47635177","9","47635177"
"S9_48177622","9","48177622"
"S9_48257823","9","48257823"
"S9_48675151","9","48675151"
"S9_48729556","9","48729556"
"S9_48859174","9","48859174"
"S9_49135130","9","49135130"
"S9_49247144","9","49247144"
"S9_49455204","9","49455204"
"S9_49787310","9","49787310"
"S9_50024273","9","50024273"
"S9_50109821","9","50109821"
"S9_50393843","9","50393843"
"S9_50491261","9","50491261"
"S9_50631597","9","50631597"
"S9_50690449","9","50690449"
"S9_50756637","9","50756637"
"S9_50929347","9","50929347"
"S9_51037483","9","51037483"
"S9_51065937","9","51065937"
"S9_51319373","9","51319373"
"S9_51520267","9","51520267"
"S9_51925480","9","51925480"
"S9_51926088","9","51926088"
"S9_51941651","9","51941651"
"S9_52013831","9","52013831"
"S9_52142241","9","52142241"
"S9_52254840","9","52254840"
"S9_52270930","9","52270930"
"S9_52413501","9","52413501"
"S9_52493293","9","52493293"
"S9_52599880","9","52599880"
"S9_52603913","9","52603913"
"S9_52773525","9","52773525"
"S9_52828582","9","52828582"
"S9_52852723","9","52852723"
"S9_52976033","9","52976033"
"S9_53039198","9","53039198"
"S9_53095121","9","53095121"
"S9_53557519","9","53557519"
"S9_53779476","9","53779476"
"S9_53828001","9","53828001"
"S9_53878269","9","53878269"
"S9_54264786","9","54264786"
"S9_54282297","9","54282297"
"S9_54282554","9","54282554"
"S9_54618932","9","54618932"
"S9_54918884","9","54918884"
"S9_55259539","9","55259539"
"S9_55365370","9","55365370"
